name,nationality,ref_img
Michael Oliver,England,static\referees\Michael_Oliver.jpeg
Anthony Taylor,England,static\referees\Anthony_Taylor.jpeg
Paul Tierney,England,static\referees\Paul_Tierney.webp
Chris Kavanagh,England,static\referees\Chris_Kavanagh.webp
Simon Hooper,England,static\referees\Simon_Hooper.jpeg
David Coote,England,static\referees\David_Coote.jpeg
Stuart Attwell,England,static\referees\Stuart_Attwell.jpg
Mike Dean,England,static\referees\Mike_Dean.jpeg
Jonathan Moss,England,static\referees\Jonathan_Moss.jpeg
Lee Mason,England,static\referees\Lee_Mason.jpeg
Peter Bankes,England,static\referees\Peter_Bankes.jpeg
Craig Pawson,England,static\referees\Craig_Pawson.jpg
Andre Marriner,England,static\referees\Andre_Marriner.jpeg
Kevin Friend,England,static\referees\Kevin_Friend.jpg
David Webb,England,static\referees\David_Webb.jpeg
Robert Jones,England,static\referees\Robert_Jones.jpg
John Brooks,England,static\referees\John_Brooks.jpeg
Jarred Gillett,Australia,static\referees\Jarred_Gillett.jpeg
Tony Harrington,England,static\referees\Tony_Harrington.jpeg
Simon Long,England,static\referees\Simon_Long.jpg
David Rock,England,static\referees\David_Rock.jpg
Michael Salisbury,England,static\referees\Michael-Salisbury.jpg
